{"ndmi": {"2": {"mean_valid": -999, "mean_estim": -999, "nme": -999, "nmae": -999, "nmse": -999, "nrmse": -999, "correlation": -999}, "1": {"mean_valid": -999, "mean_estim": -999, "nme": -999, "nmae": -999, "nmse": -999, "nrmse": -999, "correlation": -999}, "0": {"mean_valid": -999, "mean_estim": -999, "nme": -999, "nmae": -999, "nmse": -999, "nrmse": -999, "correlation": -999}, "3": {"mean_valid": -999, "mean_estim": -999, "nme": -999, "nmae": -999, "nmse": -999, "nrmse": -999, "correlation": -999}}, "ndvi": {"2": {"mean_valid": -999, "mean_estim": -999, "nme": -999, "nmae": -999, "nmse": -999, "nrmse": -999, "correlation": -999}, "0": {"mean_valid": -999, "mean_estim": -999, "nme": -999, "nmae": -999, "nmse": -999, "nrmse": -999, "correlation": -999}, "1": {"mean_valid": -999, "mean_estim": -999, "nme": -999, "nmae": -999, "nmse": -999, "nrmse": -999, "correlation": -999}, "3": {"mean_valid": -999, "mean_estim": -999, "nme": -999, "nmae": -999, "nmse": -999, "nrmse": -999, "correlation": -999}}, "swi": {"0": {"mean_valid": -999, "mean_estim": -999, "nme": -999, "nmae": -999, "nmse": -999, "nrmse": -999, "correlation": -999}, "1": {"mean_valid": -999, "mean_estim": -999, "nme": -999, "nmae": -999, "nmse": -999, "nrmse": -999, "correlation": -999}, "2": {"mean_valid": -999, "mean_estim": -999, "nme": -999, "nmae": -999, "nmse": -999, "nrmse": -999, "correlation": -999}, "3": {"mean_valid": -999, "mean_estim": -999, "nme": -999, "nmae": -999, "nmse": -999, "nrmse": -999, "correlation": -999}}, "bme280_pressure_ob": {"1": {"mean_valid": 1007.018739424302, "mean_estim": 1007.3580729982324, "nme": 0.0003480566701124, "nmae": 0.0040131078272399, "nmse": 2.6291270658898285e-05, "nrmse": 0.0051277214616688, "correlation": 0.8514055578924559}, "2": {"mean_valid": 1006.7359816458592, "mean_estim": 1007.38594461407, "nme": 0.0006827195971675, "nmae": 0.0064075243142847, "nmse": 6.91949814431663e-05, "nrmse": 0.0083187285499322, "correlation": 0.6100376500708538}, "3": {"mean_valid": 1006.5185245716762, "mean_estim": 1007.3216674309627, "nme": 0.0008545618811937, "nmae": 0.0075163497132309, "nmse": 9.86288821917358e-05, "nrmse": 0.0099316733667903, "correlation": 0.4361752553034351}}, "bme280_temperature_ob": {"1": {"mean_valid": 17.80820240188485, "mean_estim": 17.904210529029847, "nme": 0.0162580032829228, "nmae": 0.0747116733169447, "nmse": 0.0092019869033931, "nrmse": 0.0976330838533863, "correlation": 0.8577085427918074}, "2": {"mean_valid": 17.7402816074133, "mean_estim": 17.909698512080013, "nme": 0.0263808771956487, "nmae": 0.0960341493369808, "nmse": 0.0142861853842389, "nrmse": 0.121652069518269, "correlation": 0.7688657587043339}, "3": {"mean_valid": 17.659612434845002, "mean_estim": 17.906965630569513, "nme": 0.0364196395899523, "nmae": 0.1167150668704054, "nmse": 0.0190874740955045, "nrmse": 0.1406608642732719, "correlation": 0.6834716113245775}}, "bme280_humidity_ob": {"1": {"mean_valid": 82.66538781528384, "mean_estim": 82.43045282095025, "nme": 0.0075038877191431, "nmae": 0.080005002318349, "nmse": 0.0096540246727003, "nrmse": 0.0990407180733557, "correlation": 0.6243325168219946}, "2": {"mean_valid": 82.8293103384681, "mean_estim": 82.442263813033, "nme": 0.0069803645309013, "nmae": 0.0862176597815467, "nmse": 0.0106282791148693, "nrmse": 0.1039301779477673, "correlation": 0.5825721943243002}, "3": {"mean_valid": 83.06919516724297, "mean_estim": 82.88032855194977, "nme": 0.0092799664840293, "nmae": 0.0821441903586391, "nmse": 0.0104993833900074, "nrmse": 0.1032916000793434, "correlation": 0.5835481770601436}}}