{"ndmi": {"2": {"mean_valid": -999, "mean_estim": -999, "nme": -999, "nmae": -999, "nmse": -999, "nrmse": -999, "correlation": -999}, "1": {"mean_valid": -999, "mean_estim": -999, "nme": -999, "nmae": -999, "nmse": -999, "nrmse": -999, "correlation": -999}, "0": {"mean_valid": -999, "mean_estim": -999, "nme": -999, "nmae": -999, "nmse": -999, "nrmse": -999, "correlation": -999}, "3": {"mean_valid": -999, "mean_estim": -999, "nme": -999, "nmae": -999, "nmse": -999, "nrmse": -999, "correlation": -999}}, "ndvi": {"2": {"mean_valid": -999, "mean_estim": -999, "nme": -999, "nmae": -999, "nmse": -999, "nrmse": -999, "correlation": -999}, "0": {"mean_valid": -999, "mean_estim": -999, "nme": -999, "nmae": -999, "nmse": -999, "nrmse": -999, "correlation": -999}, "1": {"mean_valid": -999, "mean_estim": -999, "nme": -999, "nmae": -999, "nmse": -999, "nrmse": -999, "correlation": -999}, "3": {"mean_valid": -999, "mean_estim": -999, "nme": -999, "nmae": -999, "nmse": -999, "nrmse": -999, "correlation": -999}}, "swi": {"0": {"mean_valid": -999, "mean_estim": -999, "nme": -999, "nmae": -999, "nmse": -999, "nrmse": -999, "correlation": -999}, "1": {"mean_valid": -999, "mean_estim": -999, "nme": -999, "nmae": -999, "nmse": -999, "nrmse": -999, "correlation": -999}, "2": {"mean_valid": -999, "mean_estim": -999, "nme": -999, "nmae": -999, "nmse": -999, "nrmse": -999, "correlation": -999}, "3": {"mean_valid": -999, "mean_estim": -999, "nme": -999, "nmae": -999, "nmse": -999, "nrmse": -999, "correlation": -999}}, "bme280_pressure_ob": {"1": {"mean_valid": 1006.8065446857936, "mean_estim": 1007.2588565720577, "nme": 0.0004632667522286, "nmae": 0.0040967528367529, "nmse": 2.7742221400604555e-05, "nrmse": 0.0052673273512348, "correlation": 0.8480580410469263}, "2": {"mean_valid": 1006.5528056627176, "mean_estim": 1007.3032153425952, "nme": 0.0007846396550543, "nmae": 0.0064623794966697, "nmse": 7.004308281511274e-05, "nrmse": 0.0083695676134619, "correlation": 0.6142807339813436}, "3": {"mean_valid": 1006.3369782386192, "mean_estim": 1007.2437586009572, "nme": 0.0009595975380677, "nmae": 0.0075669336140182, "nmse": 9.93698984818367e-05, "nrmse": 0.0099689293030687, "correlation": 0.444708525611581}}, "bme280_temperature_ob": {"1": {"mean_valid": 17.787051710288008, "mean_estim": 17.862265372759598, "nme": 0.0148096970436802, "nmae": 0.0753175746816362, "nmse": 0.0092995345396746, "nrmse": 0.0981475727527973, "correlation": 0.8555240765246988}, "2": {"mean_valid": 17.702922311102697, "mean_estim": 17.86512580468467, "nme": 0.0257224275238222, "nmae": 0.0957840667454246, "nmse": 0.0142372889754244, "nrmse": 0.1214672596698015, "correlation": 0.7723142571583261}, "3": {"mean_valid": 17.614076650093043, "mean_estim": 17.870373320708513, "nme": 0.0370319734440455, "nmae": 0.1166873577671358, "nmse": 0.0190632200665208, "nrmse": 0.1406193197483101, "correlation": 0.6916933401145708}}, "bme280_humidity_ob": {"1": {"mean_valid": 82.7938909053813, "mean_estim": 82.5074223589573, "nme": 0.0069001476435285, "nmae": 0.0798768918376507, "nmse": 0.0095952004904498, "nrmse": 0.0987440532695574, "correlation": 0.6309771392591446}, "2": {"mean_valid": 82.93166628439647, "mean_estim": 82.5118256126359, "nme": 0.0065469503407709, "nmae": 0.085844536029657, "nmse": 0.0105384558055135, "nrmse": 0.1034907570850796, "correlation": 0.5882283334834255}, "3": {"mean_valid": 83.12226759872111, "mean_estim": 82.97360472901042, "nme": 0.0096360987805641, "nmae": 0.0818895270580952, "nmse": 0.0104279718215162, "nrmse": 0.1029345551746699, "correlation": 0.5837465097267898}}}