{"ndmi": {"2": {"mean_valid": 0.0721074329262633, "mean_estim": 0.0985867455601692, "nme": 0.3672202021902015, "nmae": 0.664873378435215, "nmse": 0.1083742091488936, "nrmse": 0.3292023832673355, "correlation": 0.9772419802311284}, "1": {"mean_valid": 0.2010072494693607, "mean_estim": 0.2356707751750946, "nme": 0.1724491382226541, "nmae": 0.3933134118770129, "nmse": 0.1377369257603776, "nrmse": 0.3711292574836666, "correlation": 0.939079361618469}, "0": {"mean_valid": 0.207129175446522, "mean_estim": 0.2137232571840286, "nme": 0.0318356008114287, "nmae": 0.2313634826472485, "nmse": 0.0451331835262053, "nrmse": 0.2124457190112462, "correlation": 0.9776584312128486}, "3": {"mean_valid": 0.093461760833569, "mean_estim": 0.1164428889751434, "nme": 0.2458881230005071, "nmae": 0.5673842715200728, "nmse": 0.1054784987352496, "nrmse": 0.3247745352321354, "correlation": 0.9556798552177662}}, "ndvi": {"2": {"mean_valid": 0.3543635987672072, "mean_estim": 0.3508629500865936, "nme": -0.0098786758432519, "nmae": 0.4571672004249617, "nmse": 1.98291466923313, "nrmse": 1.40816002969589, "correlation": 0.8292294709169632}, "0": {"mean_valid": 0.4828515354434604, "mean_estim": 0.5430164337158203, "nme": 0.1246032880472729, "nmae": 0.2476154434981952, "nmse": 0.4214844436310487, "nrmse": 0.6492183327903245, "correlation": 0.8400669743530899}, "1": {"mean_valid": 0.4757074492027689, "mean_estim": 0.5056275129318237, "nme": 0.0628959699033247, "nmae": 0.2900954519409995, "nmse": 0.6109458039787582, "nrmse": 0.781630222022382, "correlation": 0.7408257022436052}, "3": {"mean_valid": 0.3757444831127781, "mean_estim": 0.3751439750194549, "nme": -0.0015982142250697, "nmae": 0.3084661372541016, "nmse": 0.6908520809113389, "nrmse": 0.8311751204838478, "correlation": 0.8490571134898597}}, "swi": {"0": {"mean_valid": 32.36894989013672, "mean_estim": 36.16133117675781, "nme": 0.1171609535813331, "nmae": 0.1366087049245834, "nmse": 0.1997144967317581, "nrmse": 0.4468942880630493, "correlation": 0.942663942818362}, "1": {"mean_valid": 32.52621078491211, "mean_estim": 36.22566604614258, "nme": 0.1137377396225929, "nmae": 0.145359992980957, "nmse": 0.2128133028745651, "nrmse": 0.4613169133663177, "correlation": 0.9306450496598868}, "2": {"mean_valid": 32.69556427001953, "mean_estim": 35.907283782958984, "nme": 0.098231092095375, "nmae": 0.1516541540622711, "nmse": 0.2207164466381073, "nrmse": 0.4698046743869781, "correlation": 0.916754483697882}, "3": {"mean_valid": 32.850807189941406, "mean_estim": 36.94227981567383, "nme": 0.1245471686124801, "nmae": 0.173592135310173, "nmse": 0.2736302614212036, "nrmse": 0.5230967998504639, "correlation": 0.9100879381983316}}, "bme280_pressure_ob": {"1": {"mean_valid": 1006.6242624561696, "mean_estim": 1007.052706248992, "nme": 0.0004389786139448, "nmae": 0.0040851197603184, "nmse": 2.7583047539558637e-05, "nrmse": 0.0052522036548797, "correlation": 0.8551994904393525}, "2": {"mean_valid": 1006.3724281014224, "mean_estim": 1007.114337550519, "nme": 0.0007758259228464, "nmae": 0.0064147683507098, "nmse": 6.951267254413531e-05, "nrmse": 0.0083378313478148, "correlation": 0.631538994633482}, "3": {"mean_valid": 1006.184070480332, "mean_estim": 1007.0638892810337, "nme": 0.0009319578969508, "nmae": 0.0075276628063185, "nmse": 9.865961565582952e-05, "nrmse": 0.0099332477700465, "correlation": 0.4649230931882924}}, "bme280_temperature_ob": {"1": {"mean_valid": 17.74961652037608, "mean_estim": 17.82265545373118, "nme": 0.0145709671749329, "nmae": 0.0749560932639579, "nmse": 0.0092607750504519, "nrmse": 0.0979621193266969, "correlation": 0.8578416113275147}, "2": {"mean_valid": 17.657404477225693, "mean_estim": 17.8206669522229, "nme": 0.0257112843756174, "nmae": 0.0953905942457148, "nmse": 0.0141878003521586, "nrmse": 0.1212975239733369, "correlation": 0.778060036646747}, "3": {"mean_valid": 17.541062423076163, "mean_estim": 17.83314596756346, "nme": 0.0411553379160607, "nmae": 0.1183861315311908, "nmse": 0.0195835665308067, "nrmse": 0.1426724354871223, "correlation": 0.7045176485701569}}, "bme280_humidity_ob": {"1": {"mean_valid": 82.89570704072224, "mean_estim": 82.57770562102344, "nme": 0.0064898227582719, "nmae": 0.079543667488666, "nmse": 0.0095146454484424, "nrmse": 0.0983294458146429, "correlation": 0.6356641753927503}, "2": {"mean_valid": 82.98541981628888, "mean_estim": 82.57111690494811, "nme": 0.0065181704133183, "nmae": 0.0851230159470949, "nmse": 0.0104410486363137, "nrmse": 0.1030062507104856, "correlation": 0.5899190111291679}, "3": {"mean_valid": 83.1687806702816, "mean_estim": 83.05567871156545, "nme": 0.0099449566493902, "nmae": 0.0815968593890661, "nmse": 0.0103542509059414, "nrmse": 0.1025645619607608, "correlation": 0.5839380104285381}}}