{"ndmi": {"2": {"mean_valid": 0.0721074329262633, "mean_estim": 0.0985867455601692, "nme": 0.3672202021902015, "nmae": 0.664873378435215, "nmse": 0.1083742091488936, "nrmse": 0.3292023832673355, "correlation": 0.9772419802311284}, "1": {"mean_valid": 0.2010072494693607, "mean_estim": 0.2356707751750946, "nme": 0.1724491382226541, "nmae": 0.3933134118770129, "nmse": 0.1377369257603776, "nrmse": 0.3711292574836666, "correlation": 0.939079361618469}, "0": {"mean_valid": 0.207129175446522, "mean_estim": 0.2137232571840286, "nme": 0.0318356008114287, "nmae": 0.2313634826472485, "nmse": 0.0451331835262053, "nrmse": 0.2124457190112462, "correlation": 0.9776584312128486}, "3": {"mean_valid": 0.093461760833569, "mean_estim": 0.1164428889751434, "nme": 0.2458881230005071, "nmae": 0.5673842715200728, "nmse": 0.1054784987352496, "nrmse": 0.3247745352321354, "correlation": 0.9556798552177662}}, "ndvi": {"2": {"mean_valid": 0.3543635987672072, "mean_estim": 0.3508629500865936, "nme": -0.0098786758432519, "nmae": 0.4571672004249617, "nmse": 1.98291466923313, "nrmse": 1.40816002969589, "correlation": 0.8292294709169632}, "0": {"mean_valid": 0.4828515354434604, "mean_estim": 0.5430164337158203, "nme": 0.1246032880472729, "nmae": 0.2476154434981952, "nmse": 0.4214844436310487, "nrmse": 0.6492183327903245, "correlation": 0.8400669743530899}, "1": {"mean_valid": 0.4757074492027689, "mean_estim": 0.5056275129318237, "nme": 0.0628959699033247, "nmae": 0.2900954519409995, "nmse": 0.6109458039787582, "nrmse": 0.781630222022382, "correlation": 0.7408257022436052}, "3": {"mean_valid": 0.3757444831127781, "mean_estim": 0.3751439750194549, "nme": -0.0015982142250697, "nmae": 0.3084661372541016, "nmse": 0.6908520809113389, "nrmse": 0.8311751204838478, "correlation": 0.8490571134898597}}, "swi": {"0": {"mean_valid": 32.21341323852539, "mean_estim": 36.02923202514648, "nme": 0.1184544488787651, "nmae": 0.1378933489322662, "nmse": 0.2024547308683395, "nrmse": 0.449949711561203, "correlation": 0.9418848937277204}, "1": {"mean_valid": 32.32723617553711, "mean_estim": 36.07161331176758, "nme": 0.1158274039626121, "nmae": 0.1469845026731491, "nmse": 0.2176893502473831, "nrmse": 0.4665719270706177, "correlation": 0.9291200157454894}, "2": {"mean_valid": 32.495933532714844, "mean_estim": 35.7472038269043, "nme": 0.1000515520572662, "nmae": 0.153412863612175, "nmse": 0.225687488913536, "nrmse": 0.4750657677650451, "correlation": 0.9148391316511448}, "3": {"mean_valid": 32.65447235107422, "mean_estim": 36.79866027832031, "nme": 0.126910388469696, "nmae": 0.1754599660634994, "nmse": 0.2793913781642914, "nrmse": 0.5285748839378357, "correlation": 0.9081775538505203}}, "bme280_pressure_ob": {"1": {"mean_valid": 1006.8065446857936, "mean_estim": 1007.2588565720577, "nme": 0.0004632667522286, "nmae": 0.0040967528367529, "nmse": 2.7742221400604555e-05, "nrmse": 0.0052673273512348, "correlation": 0.8480580410469263}, "2": {"mean_valid": 1006.5528056627176, "mean_estim": 1007.3032153425952, "nme": 0.0007846396550543, "nmae": 0.0064623794966697, "nmse": 7.004308281511274e-05, "nrmse": 0.0083695676134619, "correlation": 0.6142807339813436}, "3": {"mean_valid": 1006.3369782386192, "mean_estim": 1007.2437586009572, "nme": 0.0009595975380677, "nmae": 0.0075669336140182, "nmse": 9.93698984818367e-05, "nrmse": 0.0099689293030687, "correlation": 0.444708525611581}}, "bme280_temperature_ob": {"1": {"mean_valid": 17.787051710288008, "mean_estim": 17.862265372759598, "nme": 0.0148096970436802, "nmae": 0.0753175746816362, "nmse": 0.0092995345396746, "nrmse": 0.0981475727527973, "correlation": 0.8555240765246988}, "2": {"mean_valid": 17.702922311102697, "mean_estim": 17.86512580468467, "nme": 0.0257224275238222, "nmae": 0.0957840667454246, "nmse": 0.0142372889754244, "nrmse": 0.1214672596698015, "correlation": 0.7723142571583261}, "3": {"mean_valid": 17.614076650093043, "mean_estim": 17.870373320708513, "nme": 0.0370319734440455, "nmae": 0.1166873577671358, "nmse": 0.0190632200665208, "nrmse": 0.1406193197483101, "correlation": 0.6916933401145708}}, "bme280_humidity_ob": {"1": {"mean_valid": 82.7938909053813, "mean_estim": 82.5074223589573, "nme": 0.0069001476435285, "nmae": 0.0798768918376507, "nmse": 0.0095952004904498, "nrmse": 0.0987440532695574, "correlation": 0.6309771392591446}, "2": {"mean_valid": 82.93166628439647, "mean_estim": 82.5118256126359, "nme": 0.0065469503407709, "nmae": 0.085844536029657, "nmse": 0.0105384558055135, "nrmse": 0.1034907570850796, "correlation": 0.5882283334834255}, "3": {"mean_valid": 83.12226759872111, "mean_estim": 82.97360472901042, "nme": 0.0096360987805641, "nmae": 0.0818895270580952, "nmse": 0.0104279718215162, "nrmse": 0.1029345551746699, "correlation": 0.5837465097267898}}}