{"ndmi": {"2": {"mean_valid": 0.0721074329262633, "mean_estim": 0.0985867455601692, "nme": 0.3672202021902015, "nmae": 0.664873378435215, "nmse": 0.1083742091488936, "nrmse": 0.3292023832673355, "correlation": 0.9772419802311284}, "1": {"mean_valid": 0.2010072494693607, "mean_estim": 0.2356707751750946, "nme": 0.1724491382226541, "nmae": 0.3933134118770129, "nmse": 0.1377369257603776, "nrmse": 0.3711292574836666, "correlation": 0.939079361618469}, "0": {"mean_valid": 0.207129175446522, "mean_estim": 0.2137232571840286, "nme": 0.0318356008114287, "nmae": 0.2313634826472485, "nmse": 0.0451331835262053, "nrmse": 0.2124457190112462, "correlation": 0.9776584312128486}, "3": {"mean_valid": 0.093461760833569, "mean_estim": 0.1164428889751434, "nme": 0.2458881230005071, "nmae": 0.5673842715200728, "nmse": 0.1054784987352496, "nrmse": 0.3247745352321354, "correlation": 0.9556798552177662}}, "ndvi": {"2": {"mean_valid": 0.3543635987672072, "mean_estim": 0.3508629500865936, "nme": -0.0098786758432519, "nmae": 0.4571672004249617, "nmse": 1.98291466923313, "nrmse": 1.40816002969589, "correlation": 0.8292294709169632}, "0": {"mean_valid": 0.4828515354434604, "mean_estim": 0.5430164337158203, "nme": 0.1246032880472729, "nmae": 0.2476154434981952, "nmse": 0.4214844436310487, "nrmse": 0.6492183327903245, "correlation": 0.8400669743530899}, "1": {"mean_valid": 0.4757074492027689, "mean_estim": 0.5056275129318237, "nme": 0.0628959699033247, "nmae": 0.2900954519409995, "nmse": 0.6109458039787582, "nrmse": 0.781630222022382, "correlation": 0.7408257022436052}, "3": {"mean_valid": 0.3757444831127781, "mean_estim": 0.3751439750194549, "nme": -0.0015982142250697, "nmae": 0.3084661372541016, "nmse": 0.6908520809113389, "nrmse": 0.8311751204838478, "correlation": 0.8490571134898597}}, "swi": {"0": {"mean_valid": 32.36894989013672, "mean_estim": 36.16133117675781, "nme": 0.1171609535813331, "nmae": 0.1366087049245834, "nmse": 0.1997144967317581, "nrmse": 0.4468942880630493, "correlation": 0.942663942818362}, "1": {"mean_valid": 32.52621078491211, "mean_estim": 36.22566604614258, "nme": 0.1137377396225929, "nmae": 0.145359992980957, "nmse": 0.2128133028745651, "nrmse": 0.4613169133663177, "correlation": 0.9306450496598868}, "2": {"mean_valid": 32.69556427001953, "mean_estim": 35.907283782958984, "nme": 0.098231092095375, "nmae": 0.1516541540622711, "nmse": 0.2207164466381073, "nrmse": 0.4698046743869781, "correlation": 0.916754483697882}, "3": {"mean_valid": 32.850807189941406, "mean_estim": 36.94227981567383, "nme": 0.1245471686124801, "nmae": 0.173592135310173, "nmse": 0.2736302614212036, "nrmse": 0.5230967998504639, "correlation": 0.9100879381983316}}, "bme280_pressure_ob": {"1": {"mean_valid": 1006.4447425387158, "mean_estim": 1006.8832338694176, "nme": 0.0004491638528221, "nmae": 0.0040670115591055, "nmse": 2.7398113010276454e-05, "nrmse": 0.0052345756031344, "correlation": 0.8607451557678563}, "2": {"mean_valid": 1006.2204452084542, "mean_estim": 1006.9561039246915, "nme": 0.0007693027747136, "nmae": 0.0063656260407075, "nmse": 6.898603723490306e-05, "nrmse": 0.0083061960346891, "correlation": 0.6430009079364551}, "3": {"mean_valid": 1006.0371657339192, "mean_estim": 1006.907135513011, "nme": 0.0009216614339964, "nmae": 0.007472384212769, "nmse": 9.791223812509478e-05, "nrmse": 0.0098955620787236, "correlation": 0.4812481582389584}}, "bme280_temperature_ob": {"1": {"mean_valid": 17.704089275495907, "mean_estim": 17.788848785090327, "nme": 0.0154748142893062, "nmae": 0.0752426878890301, "nmse": 0.0092858600143202, "nrmse": 0.0981285496887651, "correlation": 0.8604599907270368}, "2": {"mean_valid": 17.584627741407886, "mean_estim": 17.79121373292214, "nme": 0.0307191439934494, "nmae": 0.0975570904891328, "nmse": 0.0149367507112951, "nrmse": 0.1245857920472443, "correlation": 0.7801245019078171}, "3": {"mean_valid": 17.483832839605384, "mean_estim": 17.805226951056515, "nme": 0.043872800212114, "nmae": 0.1196335397126886, "nmse": 0.0199239698614072, "nrmse": 0.1439949313472874, "correlation": 0.711490552422996}}, "bme280_humidity_ob": {"1": {"mean_valid": 82.9493182183089, "mean_estim": 82.62304280451052, "nme": 0.0063171636059714, "nmae": 0.0789867364170731, "nmse": 0.009429337658541, "nrmse": 0.0978829023097162, "correlation": 0.6371306894833282}, "2": {"mean_valid": 83.03265556553634, "mean_estim": 82.61965154774917, "nme": 0.0064433505954504, "nmae": 0.0844182682425209, "nmse": 0.0103469096005961, "nrmse": 0.102535394008782, "correlation": 0.5912787189117011}, "3": {"mean_valid": 83.26444263006181, "mean_estim": 83.08417322376658, "nme": 0.0091497999238874, "nmae": 0.0816686314103868, "nmse": 0.010330067205118, "nrmse": 0.1024446979217999, "correlation": 0.5853640267399043}}}