{"ndmi": {"2": {"mean_valid": -999, "mean_estim": -999, "nme": -999, "nmae": -999, "nmse": -999, "nrmse": -999, "correlation": -999}, "1": {"mean_valid": -999, "mean_estim": -999, "nme": -999, "nmae": -999, "nmse": -999, "nrmse": -999, "correlation": -999}, "0": {"mean_valid": -999, "mean_estim": -999, "nme": -999, "nmae": -999, "nmse": -999, "nrmse": -999, "correlation": -999}, "3": {"mean_valid": -999, "mean_estim": -999, "nme": -999, "nmae": -999, "nmse": -999, "nrmse": -999, "correlation": -999}}, "ndvi": {"2": {"mean_valid": -999, "mean_estim": -999, "nme": -999, "nmae": -999, "nmse": -999, "nrmse": -999, "correlation": -999}, "0": {"mean_valid": -999, "mean_estim": -999, "nme": -999, "nmae": -999, "nmse": -999, "nrmse": -999, "correlation": -999}, "1": {"mean_valid": -999, "mean_estim": -999, "nme": -999, "nmae": -999, "nmse": -999, "nrmse": -999, "correlation": -999}, "3": {"mean_valid": -999, "mean_estim": -999, "nme": -999, "nmae": -999, "nmse": -999, "nrmse": -999, "correlation": -999}}, "swi": {"0": {"mean_valid": -999, "mean_estim": -999, "nme": -999, "nmae": -999, "nmse": -999, "nrmse": -999, "correlation": -999}, "1": {"mean_valid": -999, "mean_estim": -999, "nme": -999, "nmae": -999, "nmse": -999, "nrmse": -999, "correlation": -999}, "2": {"mean_valid": -999, "mean_estim": -999, "nme": -999, "nmae": -999, "nmse": -999, "nrmse": -999, "correlation": -999}, "3": {"mean_valid": -999, "mean_estim": -999, "nme": -999, "nmae": -999, "nmse": -999, "nrmse": -999, "correlation": -999}}, "pi54d_perm_mean": {"1": {"mean_valid": 4.786609274563819, "mean_estim": 4.712960297156169, "nme": 0.0230677703652479, "nmae": 0.1222697989642389, "nmse": 0.0394630944775999, "nrmse": 0.2385794657024268, "correlation": 0.9343085326995456}, "2": {"mean_valid": 4.783221992653811, "mean_estim": 4.664337154708349, "nme": 0.0618429931272498, "nmae": 0.1925280870922713, "nmse": 0.0801571017679599, "nrmse": 0.3400963965569334, "correlation": 0.8634675574151898}, "3": {"mean_valid": 4.773740817263544, "mean_estim": 4.626733342042145, "nme": 0.1038858926169833, "nmae": 0.2342179217548622, "nmse": 0.1067973052458404, "nrmse": 0.3925550476200931, "correlation": 0.8148926054349875}}, "dew_point_mean": {"1": {"mean_valid": 7.564367816091953, "mean_estim": 7.626213294740295, "nme": -0.0146224309313607, "nmae": 0.2246993712442063, "nmse": 0.0614803122688688, "nrmse": 0.3156625084671435, "correlation": 0.91635905779375}, "2": {"mean_valid": 7.558155172413794, "mean_estim": 7.68902640869497, "nme": -0.0291515266925752, "nmae": 0.3224551172478863, "nmse": 0.1154326948260678, "nrmse": 0.4326900384905162, "correlation": 0.8363303254380914}, "3": {"mean_valid": 7.559913793103449, "mean_estim": 7.695776530340894, "nme": 0.0417311948230436, "nmae": 0.3547488809946605, "nmse": 0.1410696877963814, "nrmse": 0.4783094096141583, "correlation": 0.795335649677021}}, "soil_suction_mean": {"1": {"mean_valid": 54.8435773480663, "mean_estim": 54.03456053985314, "nme": 0.041467198557424, "nmae": 0.068267492225478, "nmse": 0.0098066691792609, "nrmse": 0.1499211793235804, "correlation": 0.9920925449513044}, "2": {"mean_valid": 54.91804788213626, "mean_estim": 52.8247030421882, "nme": 0.5961430889859863, "nmae": 0.1602237770107249, "nmse": 0.0426232997889711, "nrmse": 0.3122302641352688, "correlation": 0.9663380810264244}, "3": {"mean_valid": 54.99274861878453, "mean_estim": 51.54391384437393, "nme": 0.4029644675618765, "nmae": 0.2346945679842735, "nmse": 0.0824531545368485, "nrmse": 0.4338031366865023, "correlation": 0.9348714141551048}}, "pi54d_mean": {"1": {"mean_valid": 6.956139233241506, "mean_estim": 6.792871489017395, "nme": 1.0124624721085589, "nmae": 0.1520675887241603, "nmse": 0.0542347033019923, "nrmse": 0.3403827567472969, "correlation": 0.9480080601064192}, "2": {"mean_valid": 6.947940197428835, "mean_estim": 6.682717978233041, "nme": 1.6822000857171318, "nmae": 0.2443287805222962, "nmse": 0.1169115689237136, "nrmse": 0.5000506957704421, "correlation": 0.8850684721986233}, "3": {"mean_valid": 6.92719639577594, "mean_estim": 6.582321051747478, "nme": 2.139897762211987, "nmae": 0.3045823864588607, "nmse": 0.1610209212749643, "nrmse": 0.5871991221553817, "correlation": 0.8388759382049933}}, "pi54d_temp_mean": {"1": {"mean_valid": 12.591144382544105, "mean_estim": 12.666377515335023, "nme": 0.3341586582298718, "nmae": 0.0635104634264406, "nmse": 0.0050755230661529, "nrmse": 0.083412785938078, "correlation": 0.9906258652080296}, "2": {"mean_valid": 12.586774605385328, "mean_estim": 12.717528757581436, "nme": 1.1373064420474512, "nmae": 0.1089339879453673, "nmse": 0.0141575595749814, "nrmse": 0.1393331434697932, "correlation": 0.9736782474158582}, "3": {"mean_valid": 12.586205896007426, "mean_estim": 12.73614157138851, "nme": 1.5334891531080066, "nmae": 0.1334591897205953, "nmse": 0.020400803620158, "nrmse": 0.1672597125885478, "correlation": 0.9618471994036458}}}